{
  "iteration11": {
    "name": "project_individual_Segment_On; CO3D_TEST",
    "score": {
      "geomBA": 0.490988288343655,
      "geomAB": 0.47051376077941937,
      "geomSym": 0.47051376077941937
    }
  },
  "iteration21": {
    "name": "project_internet_Segment_On; CO3D_TEST",
    "score": {
      "geomBA": 0.52419498660809982,
      "geomAB": 0.479424956877787,
      "geomSym": 0.479424956877787
    }
  },
  "iteration31": {
    "name": "project_video_Segment_On; CO3D_TEST",
    "score": {
      "geomBA": 0.47562039021827751,
      "geomAB": 0.50523282739910957,
      "geomSym": 0.47562039021827751
    }
  }
}