{
  "iteration11": {
    "name": "project_individual_Segment_On; CO3D_TEST",
    "score": {
      "geomSym": 0.4398469483628854,
      "colorSym": 0.30279942910320606
    }
  },
  "iteration21": {
    "name": "project_internet_Segment_On; CO3D_TEST",
    "score": {
      "geomSym": 0.44715235590590441,
      "colorSym": 0.30820381715645051
    }
  },
  "iteration31": {
    "name": "project_video_Segment_On; CO3D_TEST",
    "score": {
      "geomSym": 0.46365146913027011,
      "colorSym": 0.32137671650900651
    }
  }
}