{
  "iteration11": {
    "name": "project_individual_Segment_None; teddybear",
    "score": {
      "geomSym": 0.39043903544324726,
      "normSym": 0.42146651124641415,
      "curvSym": 0.14928957830238085
    }
  },
  "iteration21": {
    "name": "project_individual_Segment_On; teddybear",
    "score": {
      "geomSym": 0.3955669804392099,
      "normSym": 0.422518062799408,
      "curvSym": 0.12357791029375152
    }
  },
  "iteration31": {
    "name": "project_internet_Segment_None; teddybear",
    "score": {
      "geomSym": 0.35851094568828384,
      "normSym": 0.419355482734426,
      "curvSym": 0.14848766860792165
    }
  },
  "iteration41": {
    "name": "project_internet_Segment_On; teddybear",
    "score": {
      "geomSym": 0.33147790842847935,
      "normSym": 0.41922004416311975,
      "curvSym": 0.14789887955700171
    }
  },
  "iteration51": {
    "name": "project_video_Segment_None; teddybear",
    "score": {
      "geomSym": 0.31161124540500468,
      "normSym": 0.44036414760309783,
      "curvSym": 0.14247010555381456
    }
  },
  "iteration61": {
    "name": "project_video_Segment_On; teddybear",
    "score": {
      "geomSym": 0.29990065738173222,
      "normSym": 0.43800354010659936,
      "curvSym": 0.15295437522202027
    }
  }
}